{"cameraMode":{"drawMode":0,"name":"Shaded","section":"Shading Mode"},"sceneLighting":true,"audioPlay":false,"sceneViewState":{"m_AlwaysRefresh":false,"showFog":true,"showSkybox":true,"showFlares":true,"showImageEffects":true,"showParticleSystems":true,"showVisualEffectGraphs":true,"m_FxEnabled":true},"in2DMode":false,"pivot":{"x":2.0505664348602297,"y":0.8154854774475098,"z":-0.11107966303825379},"rotation":{"x":-0.1381509006023407,"y":-0.7313949465751648,"z":0.1553405374288559,"w":-0.6495893001556397},"size":17.251319885253908,"orthographic":false}