{"cameraMode":{"drawMode":0,"name":"Shaded","section":"Shading Mode"},"sceneLighting":true,"audioPlay":false,"sceneViewState":{"m_AlwaysRefresh":false,"showFog":true,"showSkybox":true,"showFlares":true,"showImageEffects":true,"showParticleSystems":true,"showVisualEffectGraphs":true,"m_FxEnabled":true},"in2DMode":false,"pivot":{"x":-0.0909571647644043,"y":-0.331341028213501,"z":0.03705477714538574},"rotation":{"x":-0.047562699764966968,"y":0.9516431093215942,"z":-0.23378914594650269,"w":-0.19360432028770448},"size":2.4885928630828859,"orthographic":false}