{"cameraMode":{"drawMode":0,"name":"Shaded","section":"Shading Mode"},"sceneLighting":true,"audioPlay":false,"sceneViewState":{"m_AlwaysRefresh":false,"showFog":true,"showSkybox":true,"showFlares":true,"showImageEffects":true,"showParticleSystems":true,"showVisualEffectGraphs":true,"m_FxEnabled":true},"in2DMode":false,"pivot":{"x":0.4284801483154297,"y":5.9784159660339359,"z":0.40204620361328127},"rotation":{"x":0.12949955463409425,"y":0.5157874226570129,"z":-0.07921954989433289,"w":0.8431617021560669},"size":9.807133674621582,"orthographic":false}