{"cameraMode":{"drawMode":0,"name":"Shaded","section":"Shading Mode"},"sceneLighting":true,"audioPlay":false,"sceneViewState":{"m_AlwaysRefresh":false,"showFog":true,"showSkybox":true,"showFlares":true,"showImageEffects":true,"showParticleSystems":true,"showVisualEffectGraphs":true,"m_FxEnabled":true},"in2DMode":false,"pivot":{"x":2.049999713897705,"y":1.3662755489349366,"z":0.0037730298936367037},"rotation":{"x":0.0002360566722927615,"y":-0.9997828006744385,"z":-0.014099400490522385,"w":-0.017702218145132066},"size":2.9772181510925295,"orthographic":false}