{"cameraMode":{"drawMode":0,"name":"Shaded","section":"Shading Mode"},"sceneLighting":false,"audioPlay":false,"sceneViewState":{"m_AlwaysRefresh":false,"showFog":false,"showSkybox":false,"showFlares":false,"showImageEffects":false,"showParticleSystems":false,"showVisualEffectGraphs":true,"m_FxEnabled":true},"in2DMode":false,"pivot":{"x":-0.100818932056427,"y":0.9612976312637329,"z":-0.11171257495880127},"rotation":{"x":-0.0006369348266161978,"y":-0.9705632328987122,"z":0.24092212319374085,"w":-0.002312610624358058},"size":0.7574222087860107,"orthographic":false}