{"cameraMode":{"drawMode":0,"name":"Shaded","section":"Shading Mode"},"sceneLighting":false,"audioPlay":false,"sceneViewState":{"m_AlwaysRefresh":false,"showFog":false,"showSkybox":false,"showFlares":false,"showImageEffects":false,"showParticleSystems":false,"showVisualEffectGraphs":true,"m_FxEnabled":true},"in2DMode":false,"pivot":{"x":-0.034040145576000217,"y":0.9711130857467651,"z":-0.05782586336135864},"rotation":{"x":-0.01507056038826704,"y":0.948299765586853,"z":-0.045553337782621387,"w":-0.3137303292751312},"size":0.30105850100517275,"orthographic":false}